typeCode,freqCode,refPeriodId,refYear,refMonth,period,reporterCode,reporterISO,reporterDesc,flowCode,flowDesc,partnerCode,partnerISO,partnerDesc,partner2Code,partner2ISO,partner2Desc,classificationCode,classificationSearchCode,isOriginalClassification,cmdCode,cmdDesc,aggrLevel,isLeaf,customsCode,customsDesc,mosCode,motCode,motDesc,qtyUnitCode,qtyUnitAbbr,qty,isQtyEstimated,altQtyUnitCode,altQtyUnitAbbr,altQty,isAltQtyEstimated,netWgt,isNetWgtEstimated,grossWgt,isGrossWgtEstimated,cifvalue,fobvalue,primaryValue,legacyEstimationFlag,isReported,isAggregate
"C","M","20220101","2022","1","202201","76","BRA","Brazil","X","Export","682","SAU","Saudi Arabia","0","W00","World","H5","HS","true","93","Arms and ammunition; parts and accessories thereof","2","false","C00","TOTAL CPC","0","0","TOTAL MOT","-1","N/A","0","false","-1","N/A","0","false","0","false","0","false","0","8837922","8837922","0","false","true",
"C","M","20220101","2022","1","202201","124","CAN","Canada","X","Export","682","SAU","Saudi Arabia","0","W00","World","H6","HS","true","93","Arms and ammunition; parts and accessories thereof","2","false","C00","TOTAL CPC","0","0","TOTAL MOT","-1","N/A","0","false","-1","N/A","0","false",,"false","0","false",,"1941506.981","1941506.981","0","false","true",
"C","M","20220101","2022","1","202201","156","CHN","China","X","Export","682","SAU","Saudi Arabia","0","W00","World","H6","HS","true","93","Arms and ammunition; parts and accessories thereof","2","false","C00","TOTAL CPC","0","0","TOTAL MOT","-1","N/A","0","false","-1","N/A","0","false","0","false","0","false",,"212731","212731","0","false","true",
"C","M","20220101","2022","1","202201","196","CYP","Cyprus","X","Export","682","SAU","Saudi Arabia","0","W00","World","H6","HS","true","93","Arms and ammunition; parts and accessories thereof","2","false","C00","TOTAL CPC","0","0","TOTAL MOT","-1","N/A","0","false","-1","N/A","0","false","0","false","0","false",,"311604.066","311604.066","0","false","true",
"C","M","20220101","2022","1","202201","203","CZE","Czechia","X","Export","682","SAU","Saudi Arabia","0","W00","World","H6","HS","true","93","Arms and ammunition; parts and accessories thereof","2","false","C00","TOTAL CPC","0","0","TOTAL MOT","-1","N/A","0","false","-1","N/A","0","false","0","false","0","false","0","1538461","1538461","0","false","true",
"C","M","20220101","2022","1","202201","300","GRC","Greece","X","Export","682","SAU","Saudi Arabia","0","W00","World","H6","HS","true","93","Arms and ammunition; parts and accessories thereof","2","false","C00","TOTAL CPC","0","0","TOTAL MOT","-1","N/A","0","false","-1","N/A","0","false","0","false","0","false","0","230417.043","230417.043","0","false","true",
"C","M","20220101","2022","1","202201","380","ITA","Italy","X","Export","682","SAU","Saudi Arabia","0","W00","World","H6","HS","true","93","Arms and ammunition; parts and accessories thereof","2","false","C00","TOTAL CPC","0","0","TOTAL MOT","-1","N/A","0","false","-1","N/A","0","false","0","false","0","false",,"311007.793","311007.793","0","false","true",
"C","M","20220101","2022","1","202201","528","NLD","Netherlands","X","Export","682","SAU","Saudi Arabia","0","W00","World","H6","HS","true","93","Arms and ammunition; parts and accessories thereof","2","false","C00","TOTAL CPC","0","0","TOTAL MOT","-1","N/A","0","false","-1","N/A","0","false","0","false","0","false","0","1443.727","1443.727","0","false","true",
"C","M","20220101","2022","1","202201","699","IND","India","X","Export","682","SAU","Saudi Arabia","0","W00","World","H5","HS","true","93","Arms and ammunition; parts and accessories thereof","2","false","C00","TOTAL CPC","0","0","TOTAL MOT","-1","N/A","0","false","-1","N/A","0","false","0","true","0","false","0","3329.865","3329.865","4","false","true",
"C","M","20220101","2022","1","202201","724","ESP","Spain","X","Export","682","SAU","Saudi Arabia","0","W00","World","H6","HS","true","93","Arms and ammunition; parts and accessories thereof","2","false","C00","TOTAL CPC","0","0","TOTAL MOT","-1","N/A","0","false","-1","N/A","0","false","0","false","0","false",,"750579.376","750579.376","0","false","true",
"C","M","20220101","2022","1","202201","757","CHE","Switzerland","X","Export","682","SAU","Saudi Arabia","0","W00","World","H6","HS","true","93","Arms and ammunition; parts and accessories thereof","2","false","C00","TOTAL CPC","0","0","TOTAL MOT","-1","N/A","0","false","-1","N/A","0","false","0","false","0","false",,"58250.968","58250.968","0","false","true",
"C","M","20220101","2022","1","202201","792","TUR","T³rkiye","X","Export","682","SAU","Saudi Arabia","0","W00","World","H6","HS","true","93","Arms and ammunition; parts and accessories thereof","2","false","C00","TOTAL CPC","0","0","TOTAL MOT","-1","N/A","0","false","-1","N/A","0","false","0","false","0","false",,"122","122","0","false","true",
"C","M","20220101","2022","1","202201","826","GBR","United Kingdom","X","Export","682","SAU","Saudi Arabia","0","W00","World","H6","HS","true","93","Arms and ammunition; parts and accessories thereof","2","false","C00","TOTAL CPC","0","0","TOTAL MOT","-1","N/A","0","false","-1","N/A","0","false","0","false","0","false",,"419941.835","419941.835","0","false","true",
"C","M","20220101","2022","1","202201","842","USA","USA","X","Export","682","SAU","Saudi Arabia","0","W00","World","H6","HS","true","93","Arms and ammunition; parts and accessories thereof","2","false","C00","TOTAL CPC","0","0","TOTAL MOT","-1","N/A","0","false","-1","N/A","0","false","0","true","0","false","0","45010089","45010089","4","false","true",
"C","M","20220201","2022","2","202202","76","BRA","Brazil","X","Export","682","SAU","Saudi Arabia","0","W00","World","H5","HS","true","93","Arms and ammunition; parts and accessories thereof","2","false","C00","TOTAL CPC","0","0","TOTAL MOT","-1","N/A","0","false","-1","N/A","0","false","0","true","0","false","0","200","200","4","false","true",
"C","M","20220201","2022","2","202202","156","CHN","China","X","Export","682","SAU","Saudi Arabia","0","W00","World","H6","HS","true","93","Arms and ammunition; parts and accessories thereof","2","false","C00","TOTAL CPC","0","0","TOTAL MOT","-1","N/A","0","false","-1","N/A","0","false","0","false","0","false",,"1700","1700","0","false","true",
"C","M","20220201","2022","2","202202","196","CYP","Cyprus","X","Export","682","SAU","Saudi Arabia","0","W00","World","H6","HS","true","93","Arms and ammunition; parts and accessories thereof","2","false","C00","TOTAL CPC","0","0","TOTAL MOT","-1","N/A","0","false","-1","N/A","0","false","0","false","0","false",,"122282.695","122282.695","0","false","true",
"C","M","20220201","2022","2","202202","203","CZE","Czechia","X","Export","682","SAU","Saudi Arabia","0","W00","World","H6","HS","true","93","Arms and ammunition; parts and accessories thereof","2","false","C00","TOTAL CPC","0","0","TOTAL MOT","-1","N/A","0","false","-1","N/A","0","false","0","true","0","false","0","24251","24251","4","false","true",
"C","M","20220201","2022","2","202202","276","DEU","Germany","X","Export","682","SAU","Saudi Arabia","0","W00","World","H6","HS","true","93","Arms and ammunition; parts and accessories thereof","2","false","C00","TOTAL CPC","0","0","TOTAL MOT","-1","N/A","0","false","-1","N/A","0","false","0","false","0","false",,"5897.788","5897.788","0","false","true",
"C","M","20220201","2022","2","202202","300","GRC","Greece","X","Export","682","SAU","Saudi Arabia","0","W00","World","H6","HS","true","93","Arms and ammunition; parts and accessories thereof","2","false","C00","TOTAL CPC","0","0","TOTAL MOT","-1","N/A","0","false","-1","N/A","0","false","0","false","0","false","0","133346.718","133346.718","0","false","true",
"C","M","20220201","2022","2","202202","380","ITA","Italy","X","Export","682","SAU","Saudi Arabia","0","W00","World","H6","HS","true","93","Arms and ammunition; parts and accessories thereof","2","false","C00","TOTAL CPC","0","0","TOTAL MOT","-1","N/A","0","false","-1","N/A","0","false","0","false","0","false",,"1070017.53","1070017.53","0","false","true",
"C","M","20220201","2022","2","202202","414","KWT","Kuwait","X","Export","682","SAU","Saudi Arabia","0","W00","World","H6","HS","true","93","Arms and ammunition; parts and accessories thereof","2","false","C00","TOTAL CPC","0","0","TOTAL MOT","-1","N/A","0","false","-1","N/A","0","false","0","true","0","false",,"276411.952","276411.952","4","false","true",
"C","M","20220201","2022","2","202202","616","POL","Poland","X","Export","682","SAU","Saudi Arabia","0","W00","World","H6","HS","true","93","Arms and ammunition; parts and accessories thereof","2","false","C00","TOTAL CPC","0","0","TOTAL MOT","-1","N/A","0","false","-1","N/A","0","false","0","false","0","false",,"120683","120683","0","false","true",
"C","M","20220201","2022","2","202202","710","ZAF","South Africa","X","Export","682","SAU","Saudi Arabia","0","W00","World","H6","HS","true","93","Arms and ammunition; parts and accessories thereof","2","false","C00","TOTAL CPC","0","0","TOTAL MOT","-1","N/A","0","false","-1","N/A","0","false","0","false","0","false","0","6453.2","6453.2","0","false","true",
"C","M","20220201","2022","2","202202","724","ESP","Spain","X","Export","682","SAU","Saudi Arabia","0","W00","World","H6","HS","true","93","Arms and ammunition; parts and accessories thereof","2","false","C00","TOTAL CPC","0","0","TOTAL MOT","-1","N/A","0","false","-1","N/A","0","false","0","false","0","false",,"6168526.412","6168526.412","0","false","true",
"C","M","20220201","2022","2","202202","757","CHE","Switzerland","X","Export","682","SAU","Saudi Arabia","0","W00","World","H6","HS","true","93","Arms and ammunition; parts and accessories thereof","2","false","C00","TOTAL CPC","0","0","TOTAL MOT","-1","N/A","0","false","-1","N/A","0","false","0","false","0","false",,"26417.35","26417.35","0","false","true",
"C","M","20220201","2022","2","202202","792","TUR","T³rkiye","X","Export","682","SAU","Saudi Arabia","0","W00","World","H6","HS","true","93","Arms and ammunition; parts and accessories thereof","2","false","C00","TOTAL CPC","0","0","TOTAL MOT","-1","N/A","0","false","-1","N/A","0","false","0","false","0","false",,"142","142","0","false","true",
"C","M","20220201","2022","2","202202","826","GBR","United Kingdom","X","Export","682","SAU","Saudi Arabia","0","W00","World","H6","HS","true","93","Arms and ammunition; parts and accessories thereof","2","false","C00","TOTAL CPC","0","0","TOTAL MOT","-1","N/A","0","false","-1","N/A","0","false","0","false","0","false",,"27069.105","27069.105","0","false","true",
"C","M","20220201","2022","2","202202","842","USA","USA","X","Export","682","SAU","Saudi Arabia","0","W00","World","H6","HS","true","93","Arms and ammunition; parts and accessories thereof","2","false","C00","TOTAL CPC","0","0","TOTAL MOT","-1","N/A","0","false","-1","N/A","0","false","0","true","0","false",,"932551","932551","4","false","true",
"C","M","20220301","2022","3","202203","70","BIH","Bosnia Herzegovina","X","Export","682","SAU","Saudi Arabia","0","W00","World","H6","HS","true","93","Arms and ammunition; parts and accessories thereof","2","false","C00","TOTAL CPC","0","0","TOTAL MOT","-1","N/A","0","false","-1","N/A","0","false","0","false","0","false",,"3900843.36","3900843.36","0","false","true",
"C","M","20220301","2022","3","202203","124","CAN","Canada","X","Export","682","SAU","Saudi Arabia","0","W00","World","H6","HS","true","93","Arms and ammunition; parts and accessories thereof","2","false","C00","TOTAL CPC","0","0","TOTAL MOT","-1","N/A","0","false","-1","N/A","0","false",,"false","0","false",,"1990.856","1990.856","0","false","true",
"C","M","20220301","2022","3","202203","156","CHN","China","X","Export","682","SAU","Saudi Arabia","0","W00","World","H6","HS","true","93","Arms and ammunition; parts and accessories thereof","2","false","C00","TOTAL CPC","0","0","TOTAL MOT","-1","N/A","0","false","-1","N/A","0","false","0","false","0","false",,"275195","275195","0","false","true",
"C","M","20220301","2022","3","202203","196","CYP","Cyprus","X","Export","682","SAU","Saudi Arabia","0","W00","World","H6","HS","true","93","Arms and ammunition; parts and accessories thereof","2","false","C00","TOTAL CPC","0","0","TOTAL MOT","-1","N/A","0","false","-1","N/A","0","false","0","false","0","false",,"334698.6","334698.6","0","false","true",
"C","M","20220301","2022","3","202203","203","CZE","Czechia","X","Export","682","SAU","Saudi Arabia","0","W00","World","H6","HS","true","93","Arms and ammunition; parts and accessories thereof","2","false","C00","TOTAL CPC","0","0","TOTAL MOT","-1","N/A","0","false","-1","N/A","0","false","0","false","0","false","0","71783","71783","0","false","true",
"C","M","20220301","2022","3","202203","208","DNK","Denmark","X","Export","682","SAU","Saudi Arabia","0","W00","World","H6","HS","true","93","Arms and ammunition; parts and accessories thereof","2","false","C00","TOTAL CPC","0","0","TOTAL MOT","-1","N/A","0","false","-1","N/A","0","false","0","false","0","false","0","12772.117","12772.117","0","false","true",
"C","M","20220301","2022","3","202203","251","FRA","France","X","Export","682","SAU","Saudi Arabia","0","W00","World","H6","HS","true","93","Arms and ammunition; parts and accessories thereof","2","false","C00","TOTAL CPC","0","0","TOTAL MOT","-1","N/A","0","false","-1","N/A","0","false","0","false","0","false",,"1256161.041","1256161.041","0","false","true",
"C","M","20220301","2022","3","202203","276","DEU","Germany","X","Export","682","SAU","Saudi Arabia","0","W00","World","H6","HS","true","93","Arms and ammunition; parts and accessories thereof","2","false","C00","TOTAL CPC","0","0","TOTAL MOT","-1","N/A","0","false","-1","N/A","0","false","0","false","0","false",,"217788.573","217788.573","0","false","true",
"C","M","20220301","2022","3","202203","300","GRC","Greece","X","Export","682","SAU","Saudi Arabia","0","W00","World","H6","HS","true","93","Arms and ammunition; parts and accessories thereof","2","false","C00","TOTAL CPC","0","0","TOTAL MOT","-1","N/A","0","false","-1","N/A","0","false","0","false","0","false","0","250543.523","250543.523","0","false","true",
"C","M","20220301","2022","3","202203","380","ITA","Italy","X","Export","682","SAU","Saudi Arabia","0","W00","World","H6","HS","true","93","Arms and ammunition; parts and accessories thereof","2","false","C00","TOTAL CPC","0","0","TOTAL MOT","-1","N/A","0","false","-1","N/A","0","false","0","false","0","false",,"1043461.022","1043461.022","0","false","true",
"C","M","20220301","2022","3","202203","699","IND","India","X","Export","682","SAU","Saudi Arabia","0","W00","World","H5","HS","true","93","Arms and ammunition; parts and accessories thereof","2","false","C00","TOTAL CPC","0","0","TOTAL MOT","-1","N/A","0","false","-1","N/A","0","false","0","false","0","false","0","17657.457","17657.457","0","false","true",
"C","M","20220301","2022","3","202203","724","ESP","Spain","X","Export","682","SAU","Saudi Arabia","0","W00","World","H6","HS","true","93","Arms and ammunition; parts and accessories thereof","2","false","C00","TOTAL CPC","0","0","TOTAL MOT","-1","N/A","0","false","-1","N/A","0","false","0","false","0","false",,"12734541.913","12734541.913","0","false","true",
"C","M","20220301","2022","3","202203","752","SWE","Sweden","X","Export","682","SAU","Saudi Arabia","0","W00","World","H6","HS","true","93","Arms and ammunition; parts and accessories thereof","2","false","C00","TOTAL CPC","0","0","TOTAL MOT","-1","N/A","0","false","-1","N/A","0","false","0","true","0","false",,"11492.221","11492.221","4","false","true",
"C","M","20220301","2022","3","202203","757","CHE","Switzerland","X","Export","682","SAU","Saudi Arabia","0","W00","World","H6","HS","true","93","Arms and ammunition; parts and accessories thereof","2","false","C00","TOTAL CPC","0","0","TOTAL MOT","-1","N/A","0","false","-1","N/A","0","false","0","false","0","false",,"432723.706","432723.706","0","false","true",
"C","M","20220301","2022","3","202203","792","TUR","T³rkiye","X","Export","682","SAU","Saudi Arabia","0","W00","World","H6","HS","true","93","Arms and ammunition; parts and accessories thereof","2","false","C00","TOTAL CPC","0","0","TOTAL MOT","-1","N/A","0","false","-1","N/A","0","false","0","false","0","false",,"972","972","0","false","true",
"C","M","20220301","2022","3","202203","826","GBR","United Kingdom","X","Export","682","SAU","Saudi Arabia","0","W00","World","H6","HS","true","93","Arms and ammunition; parts and accessories thereof","2","false","C00","TOTAL CPC","0","0","TOTAL MOT","-1","N/A","0","false","-1","N/A","0","false","0","false","0","false",,"31206.944","31206.944","0","false","true",
"C","M","20220301","2022","3","202203","842","USA","USA","X","Export","682","SAU","Saudi Arabia","0","W00","World","H6","HS","true","93","Arms and ammunition; parts and accessories thereof","2","false","C00","TOTAL CPC","0","0","TOTAL MOT","-1","N/A","0","false","-1","N/A","0","false","0","true","0","false",,"8957204","8957204","4","false","true",
"C","M","20220401","2022","4","202204","70","BIH","Bosnia Herzegovina","X","Export","682","SAU","Saudi Arabia","0","W00","World","H6","HS","true","93","Arms and ammunition; parts and accessories thereof","2","false","C00","TOTAL CPC","0","0","TOTAL MOT","-1","N/A","0","false","-1","N/A","0","false","0","false","0","false",,"11290052.11","11290052.11","0","false","true",
"C","M","20220401","2022","4","202204","156","CHN","China","X","Export","682","SAU","Saudi Arabia","0","W00","World","H6","HS","true","93","Arms and ammunition; parts and accessories thereof","2","false","C00","TOTAL CPC","0","0","TOTAL MOT","-1","N/A","0","false","-1","N/A","0","false","0","false","0","false",,"5472","5472","0","false","true",
"C","M","20220401","2022","4","202204","191","HRV","Croatia","X","Export","682","SAU","Saudi Arabia","0","W00","World","H6","HS","true","93","Arms and ammunition; parts and accessories thereof","2","false","C00","TOTAL CPC","0","0","TOTAL MOT","-1","N/A","0","false","-1","N/A","0","false","0","false","0","false",,"1897","1897","0","false","true",
"C","M","20220401","2022","4","202204","203","CZE","Czechia","X","Export","682","SAU","Saudi Arabia","0","W00","World","H6","HS","true","93","Arms and ammunition; parts and accessories thereof","2","false","C00","TOTAL CPC","0","0","TOTAL MOT","-1","N/A","0","false","-1","N/A","0","false","0","false","0","false","0","164209","164209","0","false","true",
"C","M","20220401","2022","4","202204","276","DEU","Germany","X","Export","682","SAU","Saudi Arabia","0","W00","World","H6","HS","true","93","Arms and ammunition; parts and accessories thereof","2","false","C00","TOTAL CPC","0","0","TOTAL MOT","-1","N/A","0","false","-1","N/A","0","false","0","false","0","false",,"75185.893","75185.893","0","false","true",
"C","M","20220401","2022","4","202204","300","GRC","Greece","X","Export","682","SAU","Saudi Arabia","0","W00","World","H6","HS","true","93","Arms and ammunition; parts and accessories thereof","2","false","C00","TOTAL CPC","0","0","TOTAL MOT","-1","N/A","0","false","-1","N/A","0","false","0","false","0","false","0","58085.798","58085.798","0","false","true",
"C","M","20220401","2022","4","202204","380","ITA","Italy","X","Export","682","SAU","Saudi Arabia","0","W00","World","H6","HS","true","93","Arms and ammunition; parts and accessories thereof","2","false","C00","TOTAL CPC","0","0","TOTAL MOT","-1","N/A","0","false","-1","N/A","0","false","0","false","0","false",,"883392.053","883392.053","0","false","true",
"C","M","20220401","2022","4","202204","414","KWT","Kuwait","X","Export","682","SAU","Saudi Arabia","0","W00","World","H6","HS","true","93","Arms and ammunition; parts and accessories thereof","2","false","C00","TOTAL CPC","0","0","TOTAL MOT","-1","N/A","0","false","-1","N/A","0","false","0","true","0","false",,"120643.893","120643.893","4","false","true",
"C","M","20220401","2022","4","202204","724","ESP","Spain","X","Export","682","SAU","Saudi Arabia","0","W00","World","H6","HS","true","93","Arms and ammunition; parts and accessories thereof","2","false","C00","TOTAL CPC","0","0","TOTAL MOT","-1","N/A","0","false","-1","N/A","0","false","0","false","0","false",,"113434.455","113434.455","0","false","true",
"C","M","20220401","2022","4","202204","792","TUR","T³rkiye","X","Export","682","SAU","Saudi Arabia","0","W00","World","H6","HS","true","93","Arms and ammunition; parts and accessories thereof","2","false","C00","TOTAL CPC","0","0","TOTAL MOT","-1","N/A","0","false","-1","N/A","0","false","0","false","0","false",,"4979096","4979096","0","false","true",
"C","M","20220401","2022","4","202204","826","GBR","United Kingdom","X","Export","682","SAU","Saudi Arabia","0","W00","World","H6","HS","true","93","Arms and ammunition; parts and accessories thereof","2","false","C00","TOTAL CPC","0","0","TOTAL MOT","-1","N/A","0","false","-1","N/A","0","false","0","false","0","false",,"64019.754","64019.754","0","false","true",
"C","M","20220401","2022","4","202204","842","USA","USA","X","Export","682","SAU","Saudi Arabia","0","W00","World","H6","HS","true","93","Arms and ammunition; parts and accessories thereof","2","false","C00","TOTAL CPC","0","0","TOTAL MOT","-1","N/A","0","false","-1","N/A","0","false","0","true","0","false","0","59492987","59492987","4","false","true",
"C","M","20220501","2022","5","202205","76","BRA","Brazil","X","Export","682","SAU","Saudi Arabia","0","W00","World","H6","HS","true","93","Arms and ammunition; parts and accessories thereof","2","false","C00","TOTAL CPC","0","0","TOTAL MOT","-1","N/A","0","false","-1","N/A","0","false","0","false","0","false","0","6810040","6810040","0","false","true",
"C","M","20220501","2022","5","202205","156","CHN","China","X","Export","682","SAU","Saudi Arabia","0","W00","World","H6","HS","true","93","Arms and ammunition; parts and accessories thereof","2","false","C00","TOTAL CPC","0","0","TOTAL MOT","-1","N/A","0","false","-1","N/A","0","false","0","false","0","false",,"87647","87647","0","false","true",
"C","M","20220501","2022","5","202205","196","CYP","Cyprus","X","Export","682","SAU","Saudi Arabia","0","W00","World","H6","HS","true","93","Arms and ammunition; parts and accessories thereof","2","false","C00","TOTAL CPC","0","0","TOTAL MOT","-1","N/A","0","false","-1","N/A","0","false","0","false","0","false",,"14134.992","14134.992","0","false","true",
"C","M","20220501","2022","5","202205","251","FRA","France","X","Export","682","SAU","Saudi Arabia","0","W00","World","H6","HS","true","93","Arms and ammunition; parts and accessories thereof","2","false","C00","TOTAL CPC","0","0","TOTAL MOT","-1","N/A","0","false","-1","N/A","0","false","0","false","0","false",,"423986.28","423986.28","0","false","true",
"C","M","20220501","2022","5","202205","276","DEU","Germany","X","Export","682","SAU","Saudi Arabia","0","W00","World","H6","HS","true","93","Arms and ammunition; parts and accessories thereof","2","false","C00","TOTAL CPC","0","0","TOTAL MOT","-1","N/A","0","false","-1","N/A","0","false","0","false","0","false",,"21157","21157","0","false","true",
"C","M","20220501","2022","5","202205","380","ITA","Italy","X","Export","682","SAU","Saudi Arabia","0","W00","World","H6","HS","true","93","Arms and ammunition; parts and accessories thereof","2","false","C00","TOTAL CPC","0","0","TOTAL MOT","-1","N/A","0","false","-1","N/A","0","false","0","false","0","false",,"2842605.859","2842605.859","0","false","true",
"C","M","20220501","2022","5","202205","710","ZAF","South Africa","X","Export","682","SAU","Saudi Arabia","0","W00","World","H6","HS","true","93","Arms and ammunition; parts and accessories thereof","2","false","C00","TOTAL CPC","0","0","TOTAL MOT","-1","N/A","0","false","-1","N/A","0","false","0","true","0","false","0","44322.965","44322.965","4","false","true",
"C","M","20220501","2022","5","202205","724","ESP","Spain","X","Export","682","SAU","Saudi Arabia","0","W00","World","H6","HS","true","93","Arms and ammunition; parts and accessories thereof","2","false","C00","TOTAL CPC","0","0","TOTAL MOT","-1","N/A","0","false","-1","N/A","0","false","0","false","0","false",,"8095156.631","8095156.631","0","false","true",
"C","M","20220501","2022","5","202205","757","CHE","Switzerland","X","Export","682","SAU","Saudi Arabia","0","W00","World","H6","HS","true","93","Arms and ammunition; parts and accessories thereof","2","false","C00","TOTAL CPC","0","0","TOTAL MOT","-1","N/A","0","false","-1","N/A","0","false","0","false","0","false",,"24770837.546","24770837.546","0","false","true",
"C","M","20220501","2022","5","202205","792","TUR","T³rkiye","X","Export","682","SAU","Saudi Arabia","0","W00","World","H6","HS","true","93","Arms and ammunition; parts and accessories thereof","2","false","C00","TOTAL CPC","0","0","TOTAL MOT","-1","N/A","0","false","-1","N/A","0","false","0","false","0","false",,"2945","2945","0","false","true",
"C","M","20220501","2022","5","202205","842","USA","USA","X","Export","682","SAU","Saudi Arabia","0","W00","World","H6","HS","true","93","Arms and ammunition; parts and accessories thereof","2","false","C00","TOTAL CPC","0","0","TOTAL MOT","-1","N/A","0","false","-1","N/A","0","false","0","true","0","false","0","22352276","22352276","4","false","true",
"C","M","20220601","2022","6","202206","76","BRA","Brazil","X","Export","682","SAU","Saudi Arabia","0","W00","World","H6","HS","true","93","Arms and ammunition; parts and accessories thereof","2","false","C00","TOTAL CPC","0","0","TOTAL MOT","-1","N/A","0","false","-1","N/A","0","false","0","false","0","false","0","344250","344250","0","false","true",
"C","M","20220601","2022","6","202206","156","CHN","China","X","Export","682","SAU","Saudi Arabia","0","W00","World","H6","HS","true","93","Arms and ammunition; parts and accessories thereof","2","false","C00","TOTAL CPC","0","0","TOTAL MOT","-1","N/A","0","false","-1","N/A","0","false","0","false","0","false",,"1713","1713","0","false","true",
"C","M","20220601","2022","6","202206","203","CZE","Czechia","X","Export","682","SAU","Saudi Arabia","0","W00","World","H6","HS","true","93","Arms and ammunition; parts and accessories thereof","2","false","C00","TOTAL CPC","0","0","TOTAL MOT","-1","N/A","0","false","-1","N/A","0","false","0","false","0","false","0","1759815","1759815","0","false","true",
"C","M","20220601","2022","6","202206","276","DEU","Germany","X","Export","682","SAU","Saudi Arabia","0","W00","World","H6","HS","true","93","Arms and ammunition; parts and accessories thereof","2","false","C00","TOTAL CPC","0","0","TOTAL MOT","-1","N/A","0","false","-1","N/A","0","false","0","false","0","false",,"129645.758","129645.758","0","false","true",
"C","M","20220601","2022","6","202206","300","GRC","Greece","X","Export","682","SAU","Saudi Arabia","0","W00","World","H6","HS","true","93","Arms and ammunition; parts and accessories thereof","2","false","C00","TOTAL CPC","0","0","TOTAL MOT","-1","N/A","0","false","-1","N/A","0","false","0","false","0","false","0","29483.915","29483.915","0","false","true",
"C","M","20220601","2022","6","202206","380","ITA","Italy","X","Export","682","SAU","Saudi Arabia","0","W00","World","H6","HS","true","93","Arms and ammunition; parts and accessories thereof","2","false","C00","TOTAL CPC","0","0","TOTAL MOT","-1","N/A","0","false","-1","N/A","0","false","0","false","0","false",,"5626009.691","5626009.691","0","false","true",
"C","M","20220601","2022","6","202206","710","ZAF","South Africa","X","Export","682","SAU","Saudi Arabia","0","W00","World","H6","HS","true","93","Arms and ammunition; parts and accessories thereof","2","false","C00","TOTAL CPC","0","0","TOTAL MOT","-1","N/A","0","false","-1","N/A","0","false","0","false","0","false","0","85568.213","85568.213","0","false","true",
"C","M","20220601","2022","6","202206","757","CHE","Switzerland","X","Export","682","SAU","Saudi Arabia","0","W00","World","H6","HS","true","93","Arms and ammunition; parts and accessories thereof","2","false","C00","TOTAL CPC","0","0","TOTAL MOT","-1","N/A","0","false","-1","N/A","0","false","0","false","0","false",,"72213.857","72213.857","0","false","true",
"C","M","20220601","2022","6","202206","792","TUR","T³rkiye","X","Export","682","SAU","Saudi Arabia","0","W00","World","H6","HS","true","93","Arms and ammunition; parts and accessories thereof","2","false","C00","TOTAL CPC","0","0","TOTAL MOT","-1","N/A","0","false","-1","N/A","0","false","0","false","0","false",,"440","440","0","false","true",
"C","M","20220601","2022","6","202206","842","USA","USA","X","Export","682","SAU","Saudi Arabia","0","W00","World","H6","HS","true","93","Arms and ammunition; parts and accessories thereof","2","false","C00","TOTAL CPC","0","0","TOTAL MOT","-1","N/A","0","false","-1","N/A","0","false","0","true","0","false","0","227475","227475","4","false","true",
"C","M","20220701","2022","7","202207","70","BIH","Bosnia Herzegovina","X","Export","682","SAU","Saudi Arabia","0","W00","World","H6","HS","true","93","Arms and ammunition; parts and accessories thereof","2","false","C00","TOTAL CPC","0","0","TOTAL MOT","-1","N/A","0","false","-1","N/A","0","false","0","false","0","false",,"92037.86","92037.86","0","false","true",
"C","M","20220701","2022","7","202207","191","HRV","Croatia","X","Export","682","SAU","Saudi Arabia","0","W00","World","H6","HS","true","93","Arms and ammunition; parts and accessories thereof","2","false","C00","TOTAL CPC","0","0","TOTAL MOT","-1","N/A","0","false","-1","N/A","0","false","0","false","0","false",,"489035","489035","0","false","true",
"C","M","20220701","2022","7","202207","196","CYP","Cyprus","X","Export","682","SAU","Saudi Arabia","0","W00","World","H6","HS","true","93","Arms and ammunition; parts and accessories thereof","2","false","C00","TOTAL CPC","0","0","TOTAL MOT","-1","N/A","0","false","-1","N/A","0","false","0","false","0","false",,"130407.038","130407.038","0","false","true",
"C","M","20220701","2022","7","202207","203","CZE","Czechia","X","Export","682","SAU","Saudi Arabia","0","W00","World","H6","HS","true","93","Arms and ammunition; parts and accessories thereof","2","false","C00","TOTAL CPC","0","0","TOTAL MOT","-1","N/A","0","false","-1","N/A","0","false","0","false","0","false","0","31309","31309","0","false","true",
"C","M","20220701","2022","7","202207","251","FRA","France","X","Export","682","SAU","Saudi Arabia","0","W00","World","H6","HS","true","93","Arms and ammunition; parts and accessories thereof","2","false","C00","TOTAL CPC","0","0","TOTAL MOT","-1","N/A","0","false","-1","N/A","0","false","0","false","0","false",,"722.702","722.702","0","false","true",
"C","M","20220701","2022","7","202207","380","ITA","Italy","X","Export","682","SAU","Saudi Arabia","0","W00","World","H6","HS","true","93","Arms and ammunition; parts and accessories thereof","2","false","C00","TOTAL CPC","0","0","TOTAL MOT","-1","N/A","0","false","-1","N/A","0","false","0","false","0","false",,"2617971.537","2617971.537","0","false","true",
"C","M","20220701","2022","7","202207","699","IND","India","X","Export","682","SAU","Saudi Arabia","0","W00","World","H6","HS","true","93","Arms and ammunition; parts and accessories thereof","2","false","C00","TOTAL CPC","0","0","TOTAL MOT","-1","N/A","0","false","-1","N/A","0","false","0","true","0","false","0","1723.716","1723.716","4","false","true",
"C","M","20220701","2022","7","202207","710","ZAF","South Africa","X","Export","682","SAU","Saudi Arabia","0","W00","World","H6","HS","true","93","Arms and ammunition; parts and accessories thereof","2","false","C00","TOTAL CPC","0","0","TOTAL MOT","-1","N/A","0","false","-1","N/A","0","false","0","false","0","false","0","82345.166","82345.166","0","false","true",
"C","M","20220701","2022","7","202207","724","ESP","Spain","X","Export","682","SAU","Saudi Arabia","0","W00","World","H6","HS","true","93","Arms and ammunition; parts and accessories thereof","2","false","C00","TOTAL CPC","0","0","TOTAL MOT","-1","N/A","0","false","-1","N/A","0","false","0","false","0","false",,"260144.761","260144.761","0","false","true",
"C","M","20220701","2022","7","202207","752","SWE","Sweden","X","Export","682","SAU","Saudi Arabia","0","W00","World","H6","HS","true","93","Arms and ammunition; parts and accessories thereof","2","false","C00","TOTAL CPC","0","0","TOTAL MOT","-1","N/A","0","false","-1","N/A","0","false","0","true","0","false",,"96.246","96.246","4","false","true",
"C","M","20220701","2022","7","202207","757","CHE","Switzerland","X","Export","682","SAU","Saudi Arabia","0","W00","World","H6","HS","true","93","Arms and ammunition; parts and accessories thereof","2","false","C00","TOTAL CPC","0","0","TOTAL MOT","-1","N/A","0","false","-1","N/A","0","false","0","false","0","false",,"39371.248","39371.248","0","false","true",
"C","M","20220701","2022","7","202207","792","TUR","T³rkiye","X","Export","682","SAU","Saudi Arabia","0","W00","World","H6","HS","true","93","Arms and ammunition; parts and accessories thereof","2","false","C00","TOTAL CPC","0","0","TOTAL MOT","-1","N/A","0","false","-1","N/A","0","false","0","false","0","false",,"390","390","0","false","true",
"C","M","20220701","2022","7","202207","826","GBR","United Kingdom","X","Export","682","SAU","Saudi Arabia","0","W00","World","H6","HS","true","93","Arms and ammunition; parts and accessories thereof","2","false","C00","TOTAL CPC","0","0","TOTAL MOT","-1","N/A","0","false","-1","N/A","0","false","0","false","0","false",,"26081.76","26081.76","0","false","true",
"C","M","20220701","2022","7","202207","842","USA","USA","X","Export","682","SAU","Saudi Arabia","0","W00","World","H6","HS","true","93","Arms and ammunition; parts and accessories thereof","2","false","C00","TOTAL CPC","0","0","TOTAL MOT","-1","N/A","0","false","-1","N/A","0","false","0","false","0","false","0","162599","162599","0","false","true",
"C","M","20220801","2022","8","202208","76","BRA","Brazil","X","Export","682","SAU","Saudi Arabia","0","W00","World","H6","HS","true","93","Arms and ammunition; parts and accessories thereof","2","false","C00","TOTAL CPC","0","0","TOTAL MOT","-1","N/A","0","false","-1","N/A","0","false","0","false","0","false","0","51053","51053","0","false","true",
"C","M","20220801","2022","8","202208","156","CHN","China","X","Export","682","SAU","Saudi Arabia","0","W00","World","H6","HS","true","93","Arms and ammunition; parts and accessories thereof","2","false","C00","TOTAL CPC","0","0","TOTAL MOT","-1","N/A","0","false","-1","N/A","0","false","0","false","0","false",,"3497","3497","0","false","true",
"C","M","20220801","2022","8","202208","196","CYP","Cyprus","X","Export","682","SAU","Saudi Arabia","0","W00","World","H6","HS","true","93","Arms and ammunition; parts and accessories thereof","2","false","C00","TOTAL CPC","0","0","TOTAL MOT","-1","N/A","0","false","-1","N/A","0","false","0","false","0","false",,"418587.949","418587.949","0","false","true",
"C","M","20220801","2022","8","202208","203","CZE","Czechia","X","Export","682","SAU","Saudi Arabia","0","W00","World","H6","HS","true","93","Arms and ammunition; parts and accessories thereof","2","false","C00","TOTAL CPC","0","0","TOTAL MOT","-1","N/A","0","false","-1","N/A","0","false","0","false","0","false","0","571055","571055","0","false","true",
"C","M","20220801","2022","8","202208","276","DEU","Germany","X","Export","682","SAU","Saudi Arabia","0","W00","World","H6","HS","true","93","Arms and ammunition; parts and accessories thereof","2","false","C00","TOTAL CPC","0","0","TOTAL MOT","-1","N/A","0","false","-1","N/A","0","false","0","false","0","false",,"47857.867","47857.867","0","false","true",
"C","M","20220801","2022","8","202208","300","GRC","Greece","X","Export","682","SAU","Saudi Arabia","0","W00","World","H6","HS","true","93","Arms and ammunition; parts and accessories thereof","2","false","C00","TOTAL CPC","0","0","TOTAL MOT","-1","N/A","0","false","-1","N/A","0","false","0","false","0","false","0","88174.101","88174.101","0","false","true",
"C","M","20220801","2022","8","202208","380","ITA","Italy","X","Export","682","SAU","Saudi Arabia","0","W00","World","H6","HS","true","93","Arms and ammunition; parts and accessories thereof","2","false","C00","TOTAL CPC","0","0","TOTAL MOT","-1","N/A","0","false","-1","N/A","0","false","0","false","0","false",,"653617.264","653617.264","0","false","true",
"C","M","20220801","2022","8","202208","414","KWT","Kuwait","X","Export","682","SAU","Saudi Arabia","0","W00","World","H6","HS","true","93","Arms and ammunition; parts and accessories thereof","2","false","C00","TOTAL CPC","0","0","TOTAL MOT","-1","N/A","0","false","-1","N/A","0","false","0","true","0","false",,"241003.411","241003.411","4","false","true",
"C","M","20220801","2022","8","202208","528","NLD","Netherlands","X","Export","682","SAU","Saudi Arabia","0","W00","World","H6","HS","true","93","Arms and ammunition; parts and accessories thereof","2","false","C00","TOTAL CPC","0","0","TOTAL MOT","-1","N/A","0","false","-1","N/A","0","false","0","false","0","false","0","1732.975","1732.975","0","false","true",
"C","M","20220801","2022","8","202208","724","ESP","Spain","X","Export","682","SAU","Saudi Arabia","0","W00","World","H6","HS","true","93","Arms and ammunition; parts and accessories thereof","2","false","C00","TOTAL CPC","0","0","TOTAL MOT","-1","N/A","0","false","-1","N/A","0","false","0","false","0","false",,"8157044.556","8157044.556","0","false","true",
"C","M","20220801","2022","8","202208","792","TUR","T³rkiye","X","Export","682","SAU","Saudi Arabia","0","W00","World","H6","HS","true","93","Arms and ammunition; parts and accessories thereof","2","false","C00","TOTAL CPC","0","0","TOTAL MOT","-1","N/A","0","false","-1","N/A","0","false","0","false","0","false",,"1775","1775","0","false","true",
"C","M","20220801","2022","8","202208","826","GBR","United Kingdom","X","Export","682","SAU","Saudi Arabia","0","W00","World","H6","HS","true","93","Arms and ammunition; parts and accessories thereof","2","false","C00","TOTAL CPC","0","0","TOTAL MOT","-1","N/A","0","false","-1","N/A","0","false","0","false","0","false",,"4087.804","4087.804","0","false","true",
"C","M","20220801","2022","8","202208","842","USA","USA","X","Export","682","SAU","Saudi Arabia","0","W00","World","H6","HS","true","93","Arms and ammunition; parts and accessories thereof","2","false","C00","TOTAL CPC","0","0","TOTAL MOT","-1","N/A","0","false","-1","N/A","0","false","0","true","0","false","0","6096546","6096546","4","false","true",
"C","M","20220901","2022","9","202209","70","BIH","Bosnia Herzegovina","X","Export","682","SAU","Saudi Arabia","0","W00","World","H6","HS","true","93","Arms and ammunition; parts and accessories thereof","2","false","C00","TOTAL CPC","0","0","TOTAL MOT","-1","N/A","0","false","-1","N/A","0","false","0","false","0","false",,"10675820.64","10675820.64","0","false","true",
"C","M","20220901","2022","9","202209","76","BRA","Brazil","X","Export","682","SAU","Saudi Arabia","0","W00","World","H6","HS","true","93","Arms and ammunition; parts and accessories thereof","2","false","C00","TOTAL CPC","0","0","TOTAL MOT","-1","N/A","0","false","-1","N/A","0","false","0","false","0","false","0","200001","200001","0","false","true",
"C","M","20220901","2022","9","202209","124","CAN","Canada","X","Export","682","SAU","Saudi Arabia","0","W00","World","H6","HS","true","93","Arms and ammunition; parts and accessories thereof","2","false","C00","TOTAL CPC","0","0","TOTAL MOT","-1","N/A","0","false","-1","N/A","0","false",,"false","0","false",,"657163.847","657163.847","0","false","true",
"C","M","20220901","2022","9","202209","156","CHN","China","X","Export","682","SAU","Saudi Arabia","0","W00","World","H6","HS","true","93","Arms and ammunition; parts and accessories thereof","2","false","C00","TOTAL CPC","0","0","TOTAL MOT","-1","N/A","0","false","-1","N/A","0","false","0","false","0","false",,"80952","80952","0","false","true",
"C","M","20220901","2022","9","202209","191","HRV","Croatia","X","Export","682","SAU","Saudi Arabia","0","W00","World","H6","HS","true","93","Arms and ammunition; parts and accessories thereof","2","false","C00","TOTAL CPC","0","0","TOTAL MOT","-1","N/A","0","false","-1","N/A","0","false","0","false","0","false",,"1721","1721","0","false","true",
"C","M","20220901","2022","9","202209","196","CYP","Cyprus","X","Export","682","SAU","Saudi Arabia","0","W00","World","H6","HS","true","93","Arms and ammunition; parts and accessories thereof","2","false","C00","TOTAL CPC","0","0","TOTAL MOT","-1","N/A","0","false","-1","N/A","0","false","0","false","0","false",,"66445.401","66445.401","0","false","true",
"C","M","20220901","2022","9","202209","246","FIN","Finland","X","Export","682","SAU","Saudi Arabia","0","W00","World","H6","HS","true","93","Arms and ammunition; parts and accessories thereof","2","false","C00","TOTAL CPC","0","0","TOTAL MOT","-1","N/A","0","false","-1","N/A","0","false","0","true","0","false",,"160.441","160.441","4","false","true",
"C","M","20220901","2022","9","202209","276","DEU","Germany","X","Export","682","SAU","Saudi Arabia","0","W00","World","H6","HS","true","93","Arms and ammunition; parts and accessories thereof","2","false","C00","TOTAL CPC","0","0","TOTAL MOT","-1","N/A","0","false","-1","N/A","0","false","0","false","0","false",,"206089.587","206089.587","0","false","true",
"C","M","20220901","2022","9","202209","300","GRC","Greece","X","Export","682","SAU","Saudi Arabia","0","W00","World","H6","HS","true","93","Arms and ammunition; parts and accessories thereof","2","false","C00","TOTAL CPC","0","0","TOTAL MOT","-1","N/A","0","false","-1","N/A","0","false","0","false","0","false","0","106643.824","106643.824","0","false","true",
"C","M","20220901","2022","9","202209","380","ITA","Italy","X","Export","682","SAU","Saudi Arabia","0","W00","World","H6","HS","true","93","Arms and ammunition; parts and accessories thereof","2","false","C00","TOTAL CPC","0","0","TOTAL MOT","-1","N/A","0","false","-1","N/A","0","false","0","false","0","false",,"717295.593","717295.593","0","false","true",
"C","M","20220901","2022","9","202209","757","CHE","Switzerland","X","Export","682","SAU","Saudi Arabia","0","W00","World","H6","HS","true","93","Arms and ammunition; parts and accessories thereof","2","false","C00","TOTAL CPC","0","0","TOTAL MOT","-1","N/A","0","false","-1","N/A","0","false","0","false","0","false",,"22639149.694","22639149.694","0","false","true",
"C","M","20220901","2022","9","202209","792","TUR","T³rkiye","X","Export","682","SAU","Saudi Arabia","0","W00","World","H6","HS","true","93","Arms and ammunition; parts and accessories thereof","2","false","C00","TOTAL CPC","0","0","TOTAL MOT","-1","N/A","0","false","-1","N/A","0","false","0","false","0","false",,"66065","66065","0","false","true",
"C","M","20220901","2022","9","202209","818","EGY","Egypt","X","Export","682","SAU","Saudi Arabia","0","W00","World","H6","HS","true","93","Arms and ammunition; parts and accessories thereof","2","false","C00","TOTAL CPC","0","0","TOTAL MOT","-1","N/A","0","false","-1","N/A","0","false","0","true","0","false",,"150","150","4","false","true",
"C","M","20220901","2022","9","202209","826","GBR","United Kingdom","X","Export","682","SAU","Saudi Arabia","0","W00","World","H6","HS","true","93","Arms and ammunition; parts and accessories thereof","2","false","C00","TOTAL CPC","0","0","TOTAL MOT","-1","N/A","0","false","-1","N/A","0","false","0","false","0","false",,"82535.117","82535.117","0","false","true",
"C","M","20220901","2022","9","202209","842","USA","USA","X","Export","682","SAU","Saudi Arabia","0","W00","World","H6","HS","true","93","Arms and ammunition; parts and accessories thereof","2","false","C00","TOTAL CPC","0","0","TOTAL MOT","-1","N/A","0","false","-1","N/A","0","false","0","true","0","false","0","97138390","97138390","4","false","true",
"C","M","20221001","2022","10","202210","40","AUT","Austria","X","Export","682","SAU","Saudi Arabia","0","W00","World","H6","HS","true","93","Arms and ammunition; parts and accessories thereof","2","false","C00","TOTAL CPC","0","0","TOTAL MOT","-1","N/A","0","false","-1","N/A","0","false","0","false","0","false",,"1179.08","1179.08","0","false","true",
"C","M","20221001","2022","10","202210","76","BRA","Brazil","X","Export","682","SAU","Saudi Arabia","0","W00","World","H6","HS","true","93","Arms and ammunition; parts and accessories thereof","2","false","C00","TOTAL CPC","0","0","TOTAL MOT","-1","N/A","0","false","-1","N/A","0","false","0","false","0","false","0","219500","219500","0","false","true",
"C","M","20221001","2022","10","202210","124","CAN","Canada","X","Export","682","SAU","Saudi Arabia","0","W00","World","H6","HS","true","93","Arms and ammunition; parts and accessories thereof","2","false","C00","TOTAL CPC","0","0","TOTAL MOT","-1","N/A","0","false","-1","N/A","0","false",,"false","0","false",,"175937.279","175937.279","0","false","true",
"C","M","20221001","2022","10","202210","191","HRV","Croatia","X","Export","682","SAU","Saudi Arabia","0","W00","World","H6","HS","true","93","Arms and ammunition; parts and accessories thereof","2","false","C00","TOTAL CPC","0","0","TOTAL MOT","-1","N/A","0","false","-1","N/A","0","false","0","false","0","false",,"464033","464033","0","false","true",
"C","M","20221001","2022","10","202210","196","CYP","Cyprus","X","Export","682","SAU","Saudi Arabia","0","W00","World","H6","HS","true","93","Arms and ammunition; parts and accessories thereof","2","false","C00","TOTAL CPC","0","0","TOTAL MOT","-1","N/A","0","false","-1","N/A","0","false","0","false","0","false",,"18882.966","18882.966","0","false","true",
"C","M","20221001","2022","10","202210","203","CZE","Czechia","X","Export","682","SAU","Saudi Arabia","0","W00","World","H6","HS","true","93","Arms and ammunition; parts and accessories thereof","2","false","C00","TOTAL CPC","0","0","TOTAL MOT","-1","N/A","0","false","-1","N/A","0","false","0","false","0","false","0","642730","642730","0","false","true",
"C","M","20221001","2022","10","202210","208","DNK","Denmark","X","Export","682","SAU","Saudi Arabia","0","W00","World","H6","HS","true","93","Arms and ammunition; parts and accessories thereof","2","false","C00","TOTAL CPC","0","0","TOTAL MOT","-1","N/A","0","false","-1","N/A","0","false","0","false","0","false",,"23154.334","23154.334","0","false","true",
"C","M","20221001","2022","10","202210","276","DEU","Germany","X","Export","682","SAU","Saudi Arabia","0","W00","World","H6","HS","true","93","Arms and ammunition; parts and accessories thereof","2","false","C00","TOTAL CPC","0","0","TOTAL MOT","-1","N/A","0","false","-1","N/A","0","false","0","false","0","false",,"47982.66","47982.66","0","false","true",
"C","M","20221001","2022","10","202210","300","GRC","Greece","X","Export","682","SAU","Saudi Arabia","0","W00","World","H6","HS","true","93","Arms and ammunition; parts and accessories thereof","2","false","C00","TOTAL CPC","0","0","TOTAL MOT","-1","N/A","0","false","-1","N/A","0","false","0","false","0","false","0","106844.299","106844.299","0","false","true",
"C","M","20221001","2022","10","202210","380","ITA","Italy","X","Export","682","SAU","Saudi Arabia","0","W00","World","H6","HS","true","93","Arms and ammunition; parts and accessories thereof","2","false","C00","TOTAL CPC","0","0","TOTAL MOT","-1","N/A","0","false","-1","N/A","0","false","0","false","0","false",,"5926694.708","5926694.708","0","false","true",
"C","M","20221001","2022","10","202210","414","KWT","Kuwait","X","Export","682","SAU","Saudi Arabia","0","W00","World","H6","HS","true","93","Arms and ammunition; parts and accessories thereof","2","false","C00","TOTAL CPC","0","0","TOTAL MOT","-1","N/A","0","false","-1","N/A","0","false","0","true","0","false",,"39735.334","39735.334","4","false","true",
"C","M","20221001","2022","10","202210","528","NLD","Netherlands","X","Export","682","SAU","Saudi Arabia","0","W00","World","H6","HS","true","93","Arms and ammunition; parts and accessories thereof","2","false","C00","TOTAL CPC","0","0","TOTAL MOT","-1","N/A","0","false","-1","N/A","0","false","0","false","0","false","0","4512.929","4512.929","0","false","true",
"C","M","20221001","2022","10","202210","724","ESP","Spain","X","Export","682","SAU","Saudi Arabia","0","W00","World","H6","HS","true","93","Arms and ammunition; parts and accessories thereof","2","false","C00","TOTAL CPC","0","0","TOTAL MOT","-1","N/A","0","false","-1","N/A","0","false","0","false","0","false",,"99257.901","99257.901","0","false","true",
"C","M","20221001","2022","10","202210","752","SWE","Sweden","X","Export","682","SAU","Saudi Arabia","0","W00","World","H6","HS","true","93","Arms and ammunition; parts and accessories thereof","2","false","C00","TOTAL CPC","0","0","TOTAL MOT","-1","N/A","0","false","-1","N/A","0","false","0","true","0","false",,"2512.118","2512.118","4","false","true",
"C","M","20221001","2022","10","202210","757","CHE","Switzerland","X","Export","682","SAU","Saudi Arabia","0","W00","World","H6","HS","true","93","Arms and ammunition; parts and accessories thereof","2","false","C00","TOTAL CPC","0","0","TOTAL MOT","-1","N/A","0","false","-1","N/A","0","false","0","false","0","false",,"143027.6","143027.6","0","false","true",
"C","M","20221001","2022","10","202210","792","TUR","T³rkiye","X","Export","682","SAU","Saudi Arabia","0","W00","World","H6","HS","true","93","Arms and ammunition; parts and accessories thereof","2","false","C00","TOTAL CPC","0","0","TOTAL MOT","-1","N/A","0","false","-1","N/A","0","false","0","false","0","false",,"24388","24388","0","false","true",
"C","M","20221001","2022","10","202210","826","GBR","United Kingdom","X","Export","682","SAU","Saudi Arabia","0","W00","World","H6","HS","true","93","Arms and ammunition; parts and accessories thereof","2","false","C00","TOTAL CPC","0","0","TOTAL MOT","-1","N/A","0","false","-1","N/A","0","false","0","false","0","false",,"606618.37","606618.37","0","false","true",
"C","M","20221001","2022","10","202210","842","USA","USA","X","Export","682","SAU","Saudi Arabia","0","W00","World","H6","HS","true","93","Arms and ammunition; parts and accessories thereof","2","false","C00","TOTAL CPC","0","0","TOTAL MOT","-1","N/A","0","false","-1","N/A","0","false","0","true","0","false","0","46675326","46675326","4","false","true",
"C","M","20221101","2022","11","202211","76","BRA","Brazil","X","Export","682","SAU","Saudi Arabia","0","W00","World","H6","HS","true","93","Arms and ammunition; parts and accessories thereof","2","false","C00","TOTAL CPC","0","0","TOTAL MOT","-1","N/A","0","false","-1","N/A","0","false","0","false","0","false","0","151200","151200","0","false","true",
"C","M","20221101","2022","11","202211","124","CAN","Canada","X","Export","682","SAU","Saudi Arabia","0","W00","World","H6","HS","true","93","Arms and ammunition; parts and accessories thereof","2","false","C00","TOTAL CPC","0","0","TOTAL MOT","-1","N/A","0","false","-1","N/A","0","false",,"false","0","false",,"13764.885","13764.885","0","false","true",
"C","M","20221101","2022","11","202211","156","CHN","China","X","Export","682","SAU","Saudi Arabia","0","W00","World","H6","HS","true","93","Arms and ammunition; parts and accessories thereof","2","false","C00","TOTAL CPC","0","0","TOTAL MOT","-1","N/A","0","false","-1","N/A","0","false","0","false","0","false",,"128257","128257","0","false","true",
"C","M","20221101","2022","11","202211","196","CYP","Cyprus","X","Export","682","SAU","Saudi Arabia","0","W00","World","H6","HS","true","93","Arms and ammunition; parts and accessories thereof","2","false","C00","TOTAL CPC","0","0","TOTAL MOT","-1","N/A","0","false","-1","N/A","0","false","0","false","0","false",,"59882.491","59882.491","0","false","true",
"C","M","20221101","2022","11","202211","203","CZE","Czechia","X","Export","682","SAU","Saudi Arabia","0","W00","World","H6","HS","true","93","Arms and ammunition; parts and accessories thereof","2","false","C00","TOTAL CPC","0","0","TOTAL MOT","-1","N/A","0","false","-1","N/A","0","false","0","false","0","false","0","243501","243501","0","false","true",
"C","M","20221101","2022","11","202211","251","FRA","France","X","Export","682","SAU","Saudi Arabia","0","W00","World","H6","HS","true","93","Arms and ammunition; parts and accessories thereof","2","false","C00","TOTAL CPC","0","0","TOTAL MOT","-1","N/A","0","false","-1","N/A","0","false","0","false","0","false",,"15010.153","15010.153","0","false","true",
"C","M","20221101","2022","11","202211","276","DEU","Germany","X","Export","682","SAU","Saudi Arabia","0","W00","World","H6","HS","true","93","Arms and ammunition; parts and accessories thereof","2","false","C00","TOTAL CPC","0","0","TOTAL MOT","-1","N/A","0","false","-1","N/A","0","false","0","false","0","false",,"9391.292","9391.292","0","false","true",
"C","M","20221101","2022","11","202211","300","GRC","Greece","X","Export","682","SAU","Saudi Arabia","0","W00","World","H6","HS","true","93","Arms and ammunition; parts and accessories thereof","2","false","C00","TOTAL CPC","0","0","TOTAL MOT","-1","N/A","0","false","-1","N/A","0","false","0","false","0","false","0","107.113","107.113","0","false","true",
"C","M","20221101","2022","11","202211","380","ITA","Italy","X","Export","682","SAU","Saudi Arabia","0","W00","World","H6","HS","true","93","Arms and ammunition; parts and accessories thereof","2","false","C00","TOTAL CPC","0","0","TOTAL MOT","-1","N/A","0","false","-1","N/A","0","false","0","false","0","false",,"5052837.267","5052837.267","0","false","true",
"C","M","20221101","2022","11","202211","616","POL","Poland","X","Export","682","SAU","Saudi Arabia","0","W00","World","H6","HS","true","93","Arms and ammunition; parts and accessories thereof","2","false","C00","TOTAL CPC","0","0","TOTAL MOT","-1","N/A","0","false","-1","N/A","0","false","0","false","0","false",,"2828","2828","0","false","true",
"C","M","20221101","2022","11","202211","724","ESP","Spain","X","Export","682","SAU","Saudi Arabia","0","W00","World","H6","HS","true","93","Arms and ammunition; parts and accessories thereof","2","false","C00","TOTAL CPC","0","0","TOTAL MOT","-1","N/A","0","false","-1","N/A","0","false","0","false","0","false","0","381330.714","381330.714","0","false","true",
"C","M","20221101","2022","11","202211","752","SWE","Sweden","X","Export","682","SAU","Saudi Arabia","0","W00","World","H6","HS","true","93","Arms and ammunition; parts and accessories thereof","2","false","C00","TOTAL CPC","0","0","TOTAL MOT","-1","N/A","0","false","-1","N/A","0","false","0","true","0","false",,"93.722","93.722","4","false","true",
"C","M","20221101","2022","11","202211","757","CHE","Switzerland","X","Export","682","SAU","Saudi Arabia","0","W00","World","H6","HS","true","93","Arms and ammunition; parts and accessories thereof","2","false","C00","TOTAL CPC","0","0","TOTAL MOT","-1","N/A","0","false","-1","N/A","0","false","0","true","0","false",,"9458.732","9458.732","4","false","true",
"C","M","20221101","2022","11","202211","792","TUR","T³rkiye","X","Export","682","SAU","Saudi Arabia","0","W00","World","H6","HS","true","93","Arms and ammunition; parts and accessories thereof","2","false","C00","TOTAL CPC","0","0","TOTAL MOT","-1","N/A","0","false","-1","N/A","0","false","0","false","0","false",,"224","224","0","false","true",
"C","M","20221101","2022","11","202211","826","GBR","United Kingdom","X","Export","682","SAU","Saudi Arabia","0","W00","World","H6","HS","true","93","Arms and ammunition; parts and accessories thereof","2","false","C00","TOTAL CPC","0","0","TOTAL MOT","-1","N/A","0","false","-1","N/A","0","false","0","false","0","false",,"1075877.319","1075877.319","0","false","true",
"C","M","20221101","2022","11","202211","842","USA","USA","X","Export","682","SAU","Saudi Arabia","0","W00","World","H6","HS","true","93","Arms and ammunition; parts and accessories thereof","2","false","C00","TOTAL CPC","0","0","TOTAL MOT","-1","N/A","0","false","-1","N/A","0","false","0","true","0","false","0","40306477","40306477","4","false","true",
"C","M","20221201","2022","12","202212","56","BEL","Belgium","X","Export","682","SAU","Saudi Arabia","0","W00","World","H6","HS","true","93","Arms and ammunition; parts and accessories thereof","2","false","C00","TOTAL CPC","0","0","TOTAL MOT","-1","N/A","0","false","-1","N/A","0","false","0","false","0","false",,"751.933","751.933","0","false","true",
"C","M","20221201","2022","12","202212","76","BRA","Brazil","X","Export","682","SAU","Saudi Arabia","0","W00","World","H6","HS","true","93","Arms and ammunition; parts and accessories thereof","2","false","C00","TOTAL CPC","0","0","TOTAL MOT","-1","N/A","0","false","-1","N/A","0","false","0","false","0","false","0","3802166","3802166","0","false","true",
"C","M","20221201","2022","12","202212","124","CAN","Canada","X","Export","682","SAU","Saudi Arabia","0","W00","World","H6","HS","true","93","Arms and ammunition; parts and accessories thereof","2","false","C00","TOTAL CPC","0","0","TOTAL MOT","-1","N/A","0","false","-1","N/A","0","false",,"false","0","false",,"767287.769","767287.769","0","false","true",
"C","M","20221201","2022","12","202212","203","CZE","Czechia","X","Export","682","SAU","Saudi Arabia","0","W00","World","H6","HS","true","93","Arms and ammunition; parts and accessories thereof","2","false","C00","TOTAL CPC","0","0","TOTAL MOT","-1","N/A","0","false","-1","N/A","0","false","0","false","0","false","0","1027678","1027678","0","false","true",
"C","M","20221201","2022","12","202212","208","DNK","Denmark","X","Export","682","SAU","Saudi Arabia","0","W00","World","H6","HS","true","93","Arms and ammunition; parts and accessories thereof","2","false","C00","TOTAL CPC","0","0","TOTAL MOT","-1","N/A","0","false","-1","N/A","0","false","0","false","0","false","0","12152.535","12152.535","0","false","true",
"C","M","20221201","2022","12","202212","251","FRA","France","X","Export","682","SAU","Saudi Arabia","0","W00","World","H6","HS","true","93","Arms and ammunition; parts and accessories thereof","2","false","C00","TOTAL CPC","0","0","TOTAL MOT","-1","N/A","0","false","-1","N/A","0","false","0","false","0","false",,"614478.145","614478.145","0","false","true",
"C","M","20221201","2022","12","202212","276","DEU","Germany","X","Export","682","SAU","Saudi Arabia","0","W00","World","H6","HS","true","93","Arms and ammunition; parts and accessories thereof","2","false","C00","TOTAL CPC","0","0","TOTAL MOT","-1","N/A","0","false","-1","N/A","0","false","0","false","0","false",,"274803.961","274803.961","0","false","true",
"C","M","20221201","2022","12","202212","300","GRC","Greece","X","Export","682","SAU","Saudi Arabia","0","W00","World","H6","HS","true","93","Arms and ammunition; parts and accessories thereof","2","false","C00","TOTAL CPC","0","0","TOTAL MOT","-1","N/A","0","false","-1","N/A","0","false","0","false","0","false","0","146.126","146.126","0","false","true",
"C","M","20221201","2022","12","202212","380","ITA","Italy","X","Export","682","SAU","Saudi Arabia","0","W00","World","H6","HS","true","93","Arms and ammunition; parts and accessories thereof","2","false","C00","TOTAL CPC","0","0","TOTAL MOT","-1","N/A","0","false","-1","N/A","0","false","0","false","0","false",,"622998.96","622998.96","0","false","true",
"C","M","20221201","2022","12","202212","724","ESP","Spain","X","Export","682","SAU","Saudi Arabia","0","W00","World","H6","HS","true","93","Arms and ammunition; parts and accessories thereof","2","false","C00","TOTAL CPC","0","0","TOTAL MOT","-1","N/A","0","false","-1","N/A","0","false","0","false","0","false","0","305423.621","305423.621","0","false","true",
"C","M","20221201","2022","12","202212","757","CHE","Switzerland","X","Export","682","SAU","Saudi Arabia","0","W00","World","H6","HS","true","93","Arms and ammunition; parts and accessories thereof","2","false","C00","TOTAL CPC","0","0","TOTAL MOT","-1","N/A","0","false","-1","N/A","0","false","0","false","0","false",,"241067.538","241067.538","0","false","true",
"C","M","20221201","2022","12","202212","792","TUR","T³rkiye","X","Export","682","SAU","Saudi Arabia","0","W00","World","H6","HS","true","93","Arms and ammunition; parts and accessories thereof","2","false","C00","TOTAL CPC","0","0","TOTAL MOT","-1","N/A","0","false","-1","N/A","0","false","0","false","0","false",,"67935","67935","0","false","true",
"C","M","20221201","2022","12","202212","826","GBR","United Kingdom","X","Export","682","SAU","Saudi Arabia","0","W00","World","H6","HS","true","93","Arms and ammunition; parts and accessories thereof","2","false","C00","TOTAL CPC","0","0","TOTAL MOT","-1","N/A","0","false","-1","N/A","0","false","0","false","0","false",,"302895.926","302895.926","0","false","true",
"C","M","20221201","2022","12","202212","842","USA","USA","X","Export","682","SAU","Saudi Arabia","0","W00","World","H6","HS","true","93","Arms and ammunition; parts and accessories thereof","2","false","C00","TOTAL CPC","0","0","TOTAL MOT","-1","N/A","0","false","-1","N/A","0","false","0","true","0","false","0","23636402","23636402","4","false","true",
